Search String,Search Engine,Link,Title,Time stamp,Media name
Tata Lawsuits,google,https://www.business-standard.com/technology/tech-news/it-services-focus-on-building-ip-and-platforms-may-trigger-more-lawsuits-124100901370_1.html,IT services' focus on building IP and platforms may trigger more lawsuits,10 Oct 2024,Business Standard
Tata Lawsuits,google,https://indianexpress.com/article/business/ratan-tata-singur-mistry-tata-tapes-wadia-controversies-9613283/,"From Singur, Mistry, Tata Tapes to Wadia: 5 controversies during Ratan Tata’s tenure",11 Oct 2024,The Indian Express
Tata Lawsuits,google,https://www.cardekho.com/india-car-news/mahindra-responds-to-indigos-lawsuit-for-using-the-6e-term-in-be-6e-branding-33603.htm,IndiGo Files Trademark Infringement Claim Against Mahindra For ‘6e’ Branding; Automaker Responds,3 Dec 2024,CarDekho
Tata Lawsuits,google,https://timesofindia.indiatimes.com/technology/tech-news/more-than-20-fired-americans-workers-of-tcs-have-sued-the-company-what-are-the-allegations-and-it-giants-response/articleshow/108906267.cms,"More than 20 fired American workers have sued TCS, why and IT giant's response",31 Mar 2024,Times of India
Tata Lawsuits,google,https://news.bloomberglaw.com/daily-labor-report/tata-fired-white-us-workers-in-favor-of-visa-holders-suit-says,"Tata Fired White US Workers in Favor of Visa Holders, Suit Says",9 Apr 2024,Bloomberg Law News
Tata Lawsuits,google,https://www.wsj.com/business/fired-americans-say-indian-firm-gave-their-jobs-to-h-1b-visa-holders-6da7cf26,Exclusive | Fired Americans Say Indian Firm Gave Their Jobs to H-1B Visa Holders,29 Mar 2024,WSJ
Tata Lawsuits,google,https://m.economictimes.com/tech/information-tech/tcs-fined-rs-1600-crore-by-us-court-in-dxc-case/articleshow/111013835.cms,"TCS fined Rs 1,600 crore by US court for misappropriation of trade secrets",15 Jun 2024,The Economic Times
Tata Lawsuits,google,https://www.outlookbusiness.com/news/tcs-asked-to-pay-210-million-fine-to-dxc-technology-in-trade-secrets-row,TCS Asked To Pay $210 Million Fine To DXC Technology In Trade Secrets Row,27 Nov 2023,Outlook Business
Tata Lawsuits,google,https://www.thestar.com.my/tech/tech-news/2025/01/02/ibm-globalfoundries-settle-lawsuits-over-contract-trade-secrets,"IBM, GlobalFoundries settle lawsuits over contract, trade secrets",1 month ago,The Star
Tata Lawsuits,google,https://www.dutchnews.nl/2024/05/third-court-case-launched-against-tata-steel-calls-for-closure/,"Third court case launched against Tata Steel, calls for closure",27 May 2024,DutchNews.nl
Tata Lawsuits,bing,/news/search?q=site%3awww.businessinsider.in&FORM=NWBCLM,"Tata Consultancy Services, India’s second most valuable company by market cap after Reliance Industries, just got hit with its second lawsuit in five years for alleged theft of “trade secrets”.",5y,Business Insider India5y
Tata Lawsuits,bing,/news/search?q=site%3awww.hindustantimes.com&FORM=NWBCLM,"Dabur had launched a product called Schezwan 2024, which sparked the legal conflict, since Tata's Capital Foods owned the Schezwan Chutney trademark The Tata Group's Capital Foods has sued Dabur ...",18d,Hindustan Times18d
Tata Lawsuits,bing,/news/search?q=site%3awww.businessinsider.in&FORM=NWBCLM,"A US jury has ruled in favor of India’s IT outsourcing giant, Tata Consultancy Consultancy Services Ltd (TCS), in a lawsuit alleging the company had followed discriminatory hiring practices ...",6y,Business Insider India6y
Tata Lawsuits,bing,https://www.msn.com/en-in/news/other/here-s-why-nykaa-is-suing-tata-cliq-ceo-gopal-asthana/ar-AA1q29B2?ocid=BingNewsVerp,"The beauty and fashion e-commerce platform, Nykaa has filed a lawsuit against its former chief business officer, Aakash Asthana, who is now the chief executive officer of Tata Cliq Luxury.",5mon,Hosted on MSN5mon
Tata Lawsuits,bing,https://www.newsbytesapp.com/news/business/tata-acquires-60-stake-in-pegatron-india-apple-s-assembly-partner/story,Tata Electronics Private Limited (TEPL) has successfully acquired a 60% controlling stake in the Pegatron Technology India ...,10d,newsbytesapp.com10d
Tata Lawsuits,yahoo,https://r.search.yahoo.com/_ylt=AwrO6Pt4y6Bn5ism7C7QtDMD;_ylu=Y29sbwNncTEEcG9zAzEEdnRpZAMEc2VjA3Ny/RV=2/RE=1738619896/RO=10/RU=https%3a%2f%2ffinance.yahoo.com%2fnews%2findias-tcs-125-million-hit-115115682.html%3ffr%3dsycsrp_catchall/RK=2/RS=N5s1MTCwTigv9oqTZNQ5eF5BaMw-,India's TCS to take $125 million hit to Q3 earnings over US lawsuit,1 year ago ·,Reuters·  via Yahoo Finance
Tata Lawsuits,yahoo,https://r.search.yahoo.com/_ylt=AwrO6Pt4y6Bn5ism7i7QtDMD;_ylu=Y29sbwNncTEEcG9zAzIEdnRpZAMEc2VjA3Ny/RV=2/RE=1738619896/RO=10/RU=https%3a%2f%2fwww.yahoo.com%2fnews%2fmama-tata-influencer-candice-miller-224820000.html%3ffr%3dsycsrp_catchall/RK=2/RS=VC4ArfnChCy6d8.yK10C7MgU2vA-,Mama & Tata Influencer Candice Miller Saddled with Husband’s $33.6 Million Debt...,1 month ago ·,People·  via Yahoo News
Tata Lawsuits,yahoo,https://r.search.yahoo.com/_ylt=AwrO6Pt4y6Bn5ism8C7QtDMD;_ylu=Y29sbwNncTEEcG9zAzMEdnRpZAMEc2VjA3Ny/RV=2/RE=1738619896/RO=10/RU=https%3a%2f%2fwww.yahoo.com%2fnews%2freal-estate-mogul-husband-mama-191725327.html%3ffr%3dsycsrp_catchall/RK=2/RS=0363.rLq1eMDWaXpiBERb_Jd5ZU-,"Real estate mogul, husband of Mama + Tata influencer dead at 43",7 months ago ·,NY Post·  via Yahoo News
Tata Lawsuits,yahoo,https://r.search.yahoo.com/_ylt=AwrO6Pt4y6Bn5ism8i7QtDMD;_ylu=Y29sbwNncTEEcG9zAzQEdnRpZAMEc2VjA3Ny/RV=2/RE=1738619896/RO=10/RU=https%3a%2f%2fwww.aol.com%2fmama-tata-influencer-candice-miller-170622813.html/RK=2/RS=AWiBD_snvxH7ZYtMxmCwSgBlduE-,Mama & Tata Influencer Candice Miller Selling $15 Million Hamptons Home 1 Month...,6 months ago ·,People·  via AOL
Tata Lawsuits,yahoo,https://r.search.yahoo.com/_ylt=AwrO6Pt4y6Bn5ism9C7QtDMD;_ylu=Y29sbwNncTEEcG9zAzUEdnRpZAMEc2VjA3Ny/RV=2/RE=1738619896/RO=10/RU=https%3a%2f%2fwww.yahoo.com%2fnews%2fmama-tata-influencer-candice-miller-162003406.html%3ffr%3dsycsrp_catchall/RK=2/RS=9RkX7asPoB4kvsLqOgvYmpWrPfo-,Hundreds of Items Auctioned Off from Former Home of Mama & Tata Influencer...,1 month ago ·,People·  via Yahoo News
Tata Lawsuits,yahoo,https://r.search.yahoo.com/_ylt=AwrO6Pt4y6Bn5ism9i7QtDMD;_ylu=Y29sbwNncTEEcG9zAzYEdnRpZAMEc2VjA3Ny/RV=2/RE=1738619896/RO=10/RU=https%3a%2f%2ffinance.yahoo.com%2fnews%2ftcs-revamps-organization-structure-leverage-082432871.html%3ffr%3dsycsrp_catchall/RK=2/RS=CPwKhl1K_0fVSn54ghVdA1VNf8s-,TCS Revamps Organization Structure to Leverage Domain Knowledge,2 years ago ·,Bloomberg·  via Yahoo Finance
Tata Lawsuits,yahoo,https://r.search.yahoo.com/_ylt=AwrO6Pt4y6Bn5ism.C7QtDMD;_ylu=Y29sbwNncTEEcG9zAzcEdnRpZAMEc2VjA3Ny/RV=2/RE=1738619896/RO=10/RU=https%3a%2f%2fwww.yahoo.com%2ftech%2feverything-apple-says-wrong-doj-180017657.html/RK=2/RS=g8KDy_1Q95RdBeZvgULCXWRpVNk-,Everything Apple says is wrong about the DOJ’s iPhone lawsuit,10 months ago ·,Digital Trends·  via Yahoo News
Tata Lawsuits,yahoo,https://r.search.yahoo.com/_ylt=AwrO6Pt4y6Bn5ism.i7QtDMD;_ylu=Y29sbwNncTEEcG9zAzgEdnRpZAMEc2VjA3Ny/RV=2/RE=1738619896/RO=10/RU=https%3a%2f%2fwww.yahoo.com%2fnews%2finfluencer-candice-miller-selling-personal-181930540.html%3ffr%3dsycsrp_catchall/RK=2/RS=2rF9wy30mOBSiRzvZJWU2lKVIYU-,Influencer Candice Miller selling personal items after late husband amassed...,1 month ago ·,The Independent·  via Yahoo News
Tata Lawsuits,yahoo,https://r.search.yahoo.com/_ylt=AwrO6Pt4y6Bn5ism_C7QtDMD;_ylu=Y29sbwNncTEEcG9zAzkEdnRpZAMEc2VjA3Ny/RV=2/RE=1738619896/RO=10/RU=https%3a%2f%2ffinance.yahoo.com%2fnews%2fchief-executives-air-india-akasa-075037899.html%3ffr%3dsycsrp_catchall/RK=2/RS=LKh4yjYqxLfn19tUUJBd38ynUNk-,"Chief executives of Air India, Akasa joust over poaching of pilots",1 year ago ·,Reuters·  via Yahoo Finance
Tata Lawsuits,yahoo,https://r.search.yahoo.com/_ylt=AwrO6Pt4y6Bn5ism_i7QtDMD;_ylu=Y29sbwNncTEEcG9zAzEwBHZ0aWQDBHNlYwNzcg--/RV=2/RE=1738619896/RO=10/RU=https%3a%2f%2fsports.yahoo.com%2fmessi-still-suarez-may-rest-214315586.html%3ffr%3dsycsrp_catchall/RK=2/RS=yEDqHxSg6by47YrE62wn9Uu0vpQ-,"Messi still out, Suarez may rest for Inter Miami vs. Tigres Leagues Cup game in...",6 months ago ·,Miami Herald·  via Yahoo Sports
Tata merger,google,https://the-ken.com/story/tata-tech-just-merge-with-tata-elxsi/,"Tata Tech, just merge with Tata Elxsi",3 days ago,The Ken
Tata merger,google,https://www.business-standard.com/companies/news/tata-capital-tata-motors-finance-merger-receives-rbi-s-approval-124101401020_1.html,"Tata Capital, Tata Motors Finance merger receives RBI's approval",14 Oct 2024,Business Standard
Tata merger,google,https://m.economictimes.com/markets/stocks/news/vedanta-ultratech-tata-motors-among-8-mergers-and-demergers-to-track/corporate-radar/slideshow/117677020.cms,"Vedanta, UltraTech, Tata Motors among 8 mergers and demergers to track",5 days ago,The Economic Times
Tata merger,google,https://www.cnbctv18.com/business/aviation/tata-sons-singapore-airlines-celebrate-vistaras-merger-with-air-india-19511222.htm,Tata Sons & Singapore Airlines celebrate Vistara’s merger with Air India,18 Nov 2024,CNBC TV18
Tata merger,google,https://upstox.com/news/business-news/latest-updates/explained-why-tata-capital-s-potential-ipo-impacting-tata-group-stocks-how-are-the-companies-linked/article-136880/,How are Tata Group companies linked? Why Tata Capital’s IPO could unlock value across conglomerate,1 month ago,Upstox
Tata merger,google,https://www.thehindubusinessline.com/companies/merger-with-tata-motors-finance-will-broaden-tata-capitals-product-portfolio-says-fitch/article68327326.ece,"Merger with Tata Motors Finance will broaden Tata Capital’s product portfolio, says Fitch",24 Jun 2024,The Hindu BusinessLine
Tata merger,google,https://skift.com/2024/09/17/air-india-vistara-merger-strategic-win-or-tatas-gamble/,Air India-Vistara Merger: Strategic Win or Tata’s Gamble?,17 Sept 2024,Skift
Tata merger,google,https://www.businesstoday.in/latest/corporate/story/bharti-airtel-tata-play-entity-may-not-have-representatives-from-tata-group-on-board-459793-2025-01-07,Bharti Airtel-Tata Play entity may not have representatives from Tata Group on board,4 weeks ago,Business Today
Tata merger,google,https://www.livemint.com/companies/news/air-india-vistara-merger-completes-singapore-airlines-to-invest-rs-3-194-5-crore-in-indias-largest-international-carti-11731413602450.html,Air India-Vistara merger completed: Tata-group airline becomes India’s largest international carrier; here’s how,12 Nov 2024,mint
Tata merger,google,https://www.livelaw.in/consumer-cases/cci-approves-proposed-merger-of-tata-motors-finance-limited-with-tata-capital-limited-269464,CCI Approves Proposed Merger Of Tata Motors Finance Limited With Tata Capital Limited,12 Sept 2024,Live Law
Tata merger,bing,https://www.business-standard.com/markets/ipo/tata-capital-sets-stage-for-ipo-with-articles-of-association-update-125013101256_1.html,"The company said its current shareholder base is around 29,000 and in order to avoid a situation where its shareholder base ...",2d,2d
Tata merger,bing,https://www.msn.com/en-in/money/news/tata-sons-seeks-cci-clearance-to-acquire-additional-10-pc-stake-in-tata-play/ar-AA1xNk2j?ocid=BingNewsVerp,"After the completion of the deal, Tata Sons will have a 70% holding in the entertainment content distribution platform.",9d,Press Trust of India on MSN9d
Tata merger,bing,https://www.business-standard.com/companies/news/tata-electronics-buys-60-stake-in-pegatron-s-india-arm-for-iphone-plant-125012400770_1.html,The announcement is coming after the Competition Commission of India (CCI) gave an approval to Tata Electronics to acquire ...,10d,10d
Tata merger,bing,https://www.msn.com/en-in/money/news/modi-govt-said-to-ditch-privatisation-plans-pour-billions-in-state-run-firms/ar-AA1xVLwK?ocid=BingNewsVerp,"Modi government shifts focus from privatisation to reviving state-run firms with billions in investments, facing opposition.",6d,6don MSN
Tata merger,bing,/news/search?q=site%3atrak.in&FORM=NWBCLM,“The Board of Directors of Tata Motors Ltd has approved a Composite Scheme of Arrangement involving the demerger of its CV business undertaking and the merger of Tata Motors Passenger Vehicles ...,21d,Trak.in - India Business Blog21d
Tata merger,bing,https://www.msn.com/en-in/news/India/3-years-of-air-india-under-the-tatas-the-hits-and-misses-of-maharajah/ar-AA1xSeW2?ocid=BingNewsVerp,"The group started with four airlines, one each which it started in collaboration with AirAsia Bhd and Singapore Airlines and ...",7d,7don MSN
Tata merger,bing,/news/search?q=site%3awww.thehindubusinessline.com&FORM=NWBCLM,Tata Steel Limited has been slapped with a penalty of ₹1.46 crore by Maharashtra’s Collector of Stamps for delayed filing of stamp duty application related to its merger with The Tinplate ...,21d,Business Line21d
Tata merger,bing,https://auto.economictimes.indiatimes.com/videos/tata-motors-new-energy-products-a-new-scv-to-attract-3w-customers-demerger-rationale-and-more/117359690,"A heavy duty battery electric truck, and a flexfuel small commercial vehicle are among 14 commercial vehicle showcases by ...",15d,ET Auto15d
Tata merger,bing,https://www.firstpost.com/sports/d-gukesh-tata-steel-chess-2025-wimbledon-of-chess-explained-13853301.html,"The Tata Steel Chess, which will be Gukesh Dommaraju’s first event since being crowned world champion in Singapore, gets ...",18d,18d
Tata merger,yahoo,https://r.search.yahoo.com/_ylt=AwrO6Pt6y6Bnq5Em1AzQtDMD;_ylu=Y29sbwNncTEEcG9zAzEEdnRpZAMEc2VjA3Ny/RV=2/RE=1738619898/RO=10/RU=https%3a%2f%2ffinance.yahoo.com%2fnews%2fratan-tata-austere-indian-tycoon-150523359.html%3ffr%3dsycsrp_catchall/RK=2/RS=RagmfwakFoW_10zT5QN1P_TraYU-,"Ratan Tata, austere Indian tycoon who bought Jaguar Land Rover but lost a...",4 months ago ·,The Telegraph·  via Yahoo Finance
Tata merger,yahoo,https://r.search.yahoo.com/_ylt=AwrO6Pt6y6Bnq5Em1gzQtDMD;_ylu=Y29sbwNncTEEcG9zAzIEdnRpZAMEc2VjA3Ny/RV=2/RE=1738619898/RO=10/RU=https%3a%2f%2ffinance.yahoo.com%2fnews%2fdisney-strikes-deal-sell-stake-161500120.html%3ffr%3dsycsrp_catchall/RK=2/RS=uoSGEDlGUoEVI50mK7I4UOmPj2c-,"Disney strikes deal to sell stake in India's Tata Play, Bloomberg News reports",8 months ago ·,Reuters·  via Yahoo Finance
Tata merger,yahoo,https://r.search.yahoo.com/_ylt=AwrO6Pt6y6Bnq5Em2AzQtDMD;_ylu=Y29sbwNncTEEcG9zAzMEdnRpZAMEc2VjA3Ny/RV=2/RE=1738619898/RO=10/RU=https%3a%2f%2ffinance.yahoo.com%2fnews%2findias-tata-sons-raises-stake-034639433.html%3ffr%3dsycsrp_catchall/RK=2/RS=WC6l_uSq77tpD.87474tuE5o710-,"India's Tata Sons raises stake in Tata Play, Temasek exits, Economic Times...",9 months ago ·,Reuters·  via Yahoo Finance
Tata merger,yahoo,https://r.search.yahoo.com/_ylt=AwrO6Pt6y6Bnq5Em2gzQtDMD;_ylu=Y29sbwNncTEEcG9zAzQEdnRpZAMEc2VjA3Ny/RV=2/RE=1738619898/RO=10/RU=https%3a%2f%2ffinance.yahoo.com%2fnews%2fdisney-said-sell-stake-tata-022649109.html%3ffr%3dsycsrp_catchall/RK=2/RS=pwI2o2BG.uFvr2z7_LRF.FiKO3Y-,Disney Is Said to Sell Stake in Tata’s India TV Platform,8 months ago ·,Bloomberg·  via Yahoo Finance
Tata merger,yahoo,https://r.search.yahoo.com/_ylt=AwrO6Pt6y6Bnq5Em3AzQtDMD;_ylu=Y29sbwNncTEEcG9zAzUEdnRpZAMEc2VjA3Ny/RV=2/RE=1738619898/RO=10/RU=https%3a%2f%2ffinance.yahoo.com%2fnews%2fair-india-ceo-meets-india-112842687.html%3ffr%3dsycsrp_catchall/RK=2/RS=XusYpplxUKenJ6uqTxR28D33LMI-,Air India CEO meets India antitrust chief on pending Vistara merger -sources,2 years ago ·,Reuters·  via Yahoo Finance
Tata merger,yahoo,https://r.search.yahoo.com/_ylt=AwrO6Pt6y6Bnq5Em3gzQtDMD;_ylu=Y29sbwNncTEEcG9zAzYEdnRpZAMEc2VjA3Ny/RV=2/RE=1738619898/RO=10/RU=https%3a%2f%2ffinance.yahoo.com%2fnews%2fair-india-strives-revive-fortunes-153729188.html%3ffr%3dsycsrp_catchall/RK=2/RS=fz0IqVuL5G827H39B.ATatoN2Vg-,Air India strives to revive its fortunes with Tata money,2 years ago ·,Reuters·  via Yahoo Finance
Tata merger,yahoo,https://r.search.yahoo.com/_ylt=AwrO6Pt6y6Bnq5Em4AzQtDMD;_ylu=Y29sbwNncTEEcG9zAzcEdnRpZAMEc2VjA3Ny/RV=2/RE=1738619898/RO=10/RU=https%3a%2f%2fwww.aol.com%2fdeal-create-one-world-largest-114826582.html/RK=2/RS=ChxZGesPenrUBhHHIS_C8Z.fOaY-,Deal to create one of world’s largest airline groups gets regulator approval,5 months ago ·,The Independent US·  via AOL
Tata merger,yahoo,https://r.search.yahoo.com/_ylt=AwrO6Pt6y6Bnq5Em4gzQtDMD;_ylu=Y29sbwNncTEEcG9zAzgEdnRpZAMEc2VjA3Ny/RV=2/RE=1738619898/RO=10/RU=https%3a%2f%2ffinance.yahoo.com%2fnews%2fsingapore-airlines-gets-indias-fdi-004403487.html%3ffr%3dsycsrp_catchall/RK=2/RS=.qHxXOHYcV8s8Qu_X36af9Pcsl8-,Air India to operate Vistara flights from November as merger gets key approval,5 months ago ·,Reuters·  via Yahoo Finance
Tata merger,yahoo,https://r.search.yahoo.com/_ylt=AwrO6Pt6y6Bnq5Em4wzQtDMD;_ylu=Y29sbwNncTEEcG9zAzkEdnRpZAMEc2VjA3Ny/RV=2/RE=1738619898/RO=10/RU=https%3a%2f%2ffinance.yahoo.com%2fnews%2ftata-sons-gears-potential-ipo-060244697.html%3ffr%3dsycsrp_catchall/RK=2/RS=11i8jcLIbzEWyH6EuqnsnbVQqkU-,Tata Sons gears up for potential IPO following upper-layer NBFC classification,1 year ago ·,Investing.com·  via Yahoo Finance
Tata merger,yahoo,https://r.search.yahoo.com/_ylt=AwrO6Pt6y6Bnq5Em5QzQtDMD;_ylu=Y29sbwNncTEEcG9zAzEwBHZ0aWQDBHNlYwNzcg--/RV=2/RE=1738619898/RO=10/RU=https%3a%2f%2ffinance.yahoo.com%2fnews%2findia-antitrust-body-examining-air-042537209.html%3ffr%3dsycsrp_catchall/RK=2/RS=0KsYAHTda3wKJOEDUv261GgHHA0-,"India flags antitrust concerns with Air India, Vistara merger -sources",2 years ago ·,Reuters·  via Yahoo Finance
Tata bankruptcy,google,https://www.india.com/business/meet-indias-first-female-tennis-olympian-lady-meherbai-tata-whose-diamond-saved-tata-steel-from-bankruptcy-she-is-ratan-tatas-aunt-7367214/,"Meet India’s first female tennis Olympian whose diamond saved Tata Steel from bankruptcy, she is Ratan Tata’s",4 Nov 2024,India.Com
Tata bankruptcy,google,https://www.indiatvnews.com/business/news/ratan-tata-got-revenge-by-buying-jaguar-and-land-rover-after-facing-humiliation-by-ford-2008-deal-2024-10-10-956468,Ratan Tata got 'revenge' by buying Jaguar and Land Rover after facing 'humiliation' by Ford | INSIDE STORY,10 Oct 2024,India TV News
Tata bankruptcy,google,https://timesofindia.indiatimes.com/business/india-business/how-fords-insult-led-ratan-tata-to-buy-jaguar-land-rover/articleshow/114119073.cms,"How Ford's insult led Ratan Tata to buy Jaguar, Land Rover",10 Oct 2024,Times of India
Tata bankruptcy,google,https://www.deccanherald.com/business/how-ratan-turned-tamo-into-an-automotive-powerhouse-3227916,How Ratan turned TaMo into an automotive powerhouse,10 Oct 2024,Deccan Herald
Tata bankruptcy,google,https://www.taxscan.in/tata-steel-took-over-bhushan-steel-cestat-clarifies-appeals-are-abated-post-rp-approval-by-nclt-under-ibc-it-becomes-functus-officio/473401/,TATA Steel’s Acquisition of Bhushan Steel: CESTAT Rules Appeals Abate Post NCLT RP Approval Under IBC,1 month ago,Taxscan
Tata bankruptcy,google,https://auto.hindustantimes.com/auto/electric-vehicles/indiabound-ev-startup-fisker-files-for-bankruptcy-41718695865554.html,Once India-bound EV startup Fisker files for bankruptcy,18 Jun 2024,HT Auto
Tata bankruptcy,google,https://www.freepressjournal.in/business/tupperware-bankruptcy-netizens-reminisce-react-to-the-fallen-icon-of-kitchenware,Tupperware Bankruptcy: Netizens Reminisce & React To The Fallen Icon Of Kitchenware,19 Sept 2024,Free Press Journal
Tata bankruptcy,google,https://www.india.com/business/meet-man-ratan-tata-ousted-him-from-three-tata-firms-his-airline-went-bankrupt-still-one-of-indias-richest-with-net-worth-of-rs-44000-crores-his-son-is-ness-wadia-7470806/,"Meet man, Ratan Tata ousted him from three Tata firms, his airline went bankrupt, still one of India's riches",1 month ago,India.Com
Tata bankruptcy,google,https://www.tipranks.com/news/company-announcements/tata-health-navigates-financial-challenges-amid-bankruptcy,TATA Health Navigates Financial Challenges Amid Bankruptcy,1 month ago,TipRanks
Tata bankruptcy,google,https://www.thehindu.com/business/Industry/how-ratan-tata-bailed-out-ford-by-buying-jaguar-land-rover-despite-the-american-firm-humiliating-him-years-before/article68740015.ece,"How Ratan Tata bailed out Ford by buying Jaguar-Land Rover, despite the American firm humiliating him years before",10 Oct 2024,The Hindu
Tata bankruptcy,bing,https://www.msn.com/en-in/society-culture-and-history/history/noel-tata-scripts-history-tata-steel-becomes-first-indian-company-to-helps-india-to-achieve/ar-AA1yisZy?ocid=BingNewsVerp,"Tata Steel’s breakthrough in hydrogen-compliant pipes is yet another testament to this legacy, India closer to its clean ...",11h,11hon MSN
Tata bankruptcy,bing,https://www.msn.com/en-in/autos/news/ratan-tata-changed-the-date-of-7-companies-they-are-now-doing-super-business-these-companies-are/ar-AA1scPGS?ocid=BingNewsVerp,"Tata group bought them & transformed them in such a way, that they became global success. These businesses were on the verge ...",3mon,3monon MSN
Tata bankruptcy,bing,/news/search?q=site%3awww.dnaindia.com&FORM=NWBCLM,"She remains an inspiring figure for her contributions to women's rights and her role in shaping modern India Shivam Verma Updated : Oct 21, 2024, 04:20 PM IST Lady Meherbai Tata, the daughter-in-law ...",3mon,DNA India3mon
Tata bankruptcy,bing,/news/search?q=site%3awww.nasdaq.com&FORM=NWBCLM,"Despite these hurdles, TATA Health continues regular business operations while monitoring its financial health. TipRanks is the most comprehensive data set of sell side analysts and hedge fund ...",1mon,Nasdaq1mon
Tata bankruptcy,bing,https://www.msn.com/en-in/society-culture-and-history/general/ratan-tata-birth-anniversary-honour-the-legacy-of-a-visionary-leader/ar-AA1wC7dF?ocid=BingNewsVerp,"Under his leadership, NELCO was transformed from the brink of bankruptcy to profitability, demonstrating his talent for revitalizing struggling businesses. In 1981, Ratan Tata was appointed ...",1mon,Hosted on MSN1mon
Tata bankruptcy,yahoo,https://r.search.yahoo.com/_ylt=AwrjIcR8y6BnARUmAjPQtDMD;_ylu=Y29sbwNncTEEcG9zAzEEdnRpZAMEc2VjA3Ny/RV=2/RE=1738619900/RO=10/RU=https%3a%2f%2fwww.yahoo.com%2ftech%2ffirsts-bankruptcy-fueled-mass-resignations-101500639.html/RK=2/RS=CByJpQHlQdqc4ZoJYFzBR9JhlOk-,Go First's bankruptcy has fueled mass resignations and higher air fares,2 years ago ·,Quartz·  via Yahoo News
Tata bankruptcy,yahoo,https://r.search.yahoo.com/_ylt=AwrjIcR8y6BnARUmBDPQtDMD;_ylu=Y29sbwNncTEEcG9zAzIEdnRpZAMEc2VjA3Ny/RV=2/RE=1738619900/RO=10/RU=https%3a%2f%2ffinance.yahoo.com%2fnews%2findigo-shares-surge-smaller-rival-043606652.html%3ffr%3dsycsrp_catchall/RK=2/RS=FxqWoMvHVx5LY4S_CPOJ6fIpxS0-,"India's Go First touts owner, govt backing after bankruptcy filing",2 years ago ·,Reuters·  via Yahoo Finance
Tata bankruptcy,yahoo,https://r.search.yahoo.com/_ylt=AwrjIcR8y6BnARUmBjPQtDMD;_ylu=Y29sbwNncTEEcG9zAzMEdnRpZAMEc2VjA3Ny/RV=2/RE=1738619900/RO=10/RU=https%3a%2f%2ffinance.yahoo.com%2fnews%2findias-first-airline-files-bankruptcy-101608770.html%3ffr%3dsycsrp_catchall/RK=2/RS=g1MaD8ClyTq6g0wfnyxT8MNTGYA-,"India's Go First airline files for bankruptcy, blames Pratt & Whitney engines",2 years ago ·,Reuters·  via Yahoo Finance
Tata bankruptcy,yahoo,https://r.search.yahoo.com/_ylt=AwrjIcR8y6BnARUmCDPQtDMD;_ylu=Y29sbwNncTEEcG9zAzQEdnRpZAMEc2VjA3Ny/RV=2/RE=1738619900/RO=10/RU=https%3a%2f%2ffinance.yahoo.com%2fnews%2findia-decide-first-bankruptcy-lessors-022933369.html%3ffr%3dsycsrp_catchall/RK=2/RS=Hpi3BOwySunKJEVUCi5vMBtRZko-,"India's Go First airline gains bankruptcy protection, lessors' woes deepen",2 years ago ·,Reuters·  via Yahoo Finance
Tata bankruptcy,yahoo,https://r.search.yahoo.com/_ylt=AwrjIcR8y6BnARUmCjPQtDMD;_ylu=Y29sbwNncTEEcG9zAzUEdnRpZAMEc2VjA3Ny/RV=2/RE=1738619900/RO=10/RU=https%3a%2f%2ffinance.yahoo.com%2fnews%2fjinkosolar-holding-co-jks-too-233747157.html%3ffr%3dsycsrp_catchall/RK=2/RS=tTEhxscbloStqfgLWf39ZfCmBr4-,Is JinkoSolar Holding Co (JKS) Too Good to Be True? A Comprehensive Analysis of...,1 year ago ·,GuruFocus.com·  via Yahoo Finance
Tata bankruptcy,yahoo,https://r.search.yahoo.com/_ylt=AwrjIcR8y6BnARUmDDPQtDMD;_ylu=Y29sbwNncTEEcG9zAzYEdnRpZAMEc2VjA3Ny/RV=2/RE=1738619900/RO=10/RU=https%3a%2f%2ffinance.yahoo.com%2fnews%2fviasat-vsat-too-good-true-234134524.html%3ffr%3dsycsrp_catchall/RK=2/RS=GtwyzgdsM27HRgrUJv7f9tDuoNU-,Is Viasat (VSAT) Too Good to Be True? A Comprehensive Analysis of a Potential...,1 year ago ·,GuruFocus.com·  via Yahoo Finance
Tata bankruptcy,yahoo,https://r.search.yahoo.com/_ylt=AwrjIcR8y6BnARUmDjPQtDMD;_ylu=Y29sbwNncTEEcG9zAzcEdnRpZAMEc2VjA3Ny/RV=2/RE=1738619900/RO=10/RU=https%3a%2f%2fwww.yahoo.com%2fentertainment%2finfluencer-selling-hamptons-estate-moving-161611211.html%3ffr%3dsycsrp_catchall/RK=2/RS=wUQVxUKaguNodlGejJu8w4LpciE-,"Influencer Selling Hamptons Estate, Moving to Miami After Husband’s Suicide",6 months ago ·,The Daily Beast·  via Yahoo News
Tata bankruptcy,yahoo,https://r.search.yahoo.com/_ylt=AwrjIcR8y6BnARUmEDPQtDMD;_ylu=Y29sbwNncTEEcG9zAzgEdnRpZAMEc2VjA3Ny/RV=2/RE=1738619900/RO=10/RU=https%3a%2f%2fwww.yahoo.com%2flifestyle%2fyoure-youre-family-neighborhood-beauty-180000890.html%3ffr%3dsycsrp_catchall/RK=2/RS=ChWyOxtrIXQ8a4scaziK5dVkkac-,When You're Here You're Family: The New Neighborhood Beauty Shops,1 year ago ·,Town & Country·  via Yahoo News
Tata bankruptcy,yahoo,https://r.search.yahoo.com/_ylt=AwrjIcR8y6BnARUmEjPQtDMD;_ylu=Y29sbwNncTEEcG9zAzkEdnRpZAMEc2VjA3Ny/RV=2/RE=1738619900/RO=10/RU=https%3a%2f%2fnews.yahoo.com%2findia-now-most-populous-country-015347798.html%3ffr%3dsycsrp_catchall/RK=2/RS=otsYmtAzSRpGbSutrXt.rdVDzSw-,India is now the most populous country in the world. And it’s ready to become a...,2 years ago ·,CNN·  via Yahoo News
Tata bankruptcy,yahoo,https://r.search.yahoo.com/_ylt=AwrjIcR8y6BnARUmFDPQtDMD;_ylu=Y29sbwNncTEEcG9zAzEwBHZ0aWQDBHNlYwNzcg--/RV=2/RE=1738619900/RO=10/RU=https%3a%2f%2ffinance.yahoo.com%2fnews%2frisky-jurisdiction-aircraft-lessors-raise-113848087.html%3ffr%3dsycsrp_catchall/RK=2/RS=2onShxZNrsKNoXygXc187Lki1LA-,'Risky jurisdiction': Aircraft lessors raise alarm over Go First crisis in India,2 years ago ·,Reuters·  via Yahoo Finance
Jio Lawsuits,google,https://m.economictimes.com/tech/artificial-intelligence/linkedin-lawsuit-over-use-of-customer-data-for-ai-models-is-dismissed/amp_articleshow/117796901.cms,LinkedIn lawsuit over use of customer data for AI models is dismissed,2 days ago,The Economic Times
Jio Lawsuits,google,https://www.digit.in/news/general/jiohotstar-vs-delhi-techie-what-is-domain-squatting-and-can-there-be-legal-action.html,JioHotstar vs Delhi Techie: What is Domain Squatting and can there be legal action?,25 Oct 2024,Digit
Jio Lawsuits,google,https://timesofindia.indiatimes.com/technology/tech-news/jiohotstar-com-ownership-dispute-explained-how-jiohotstar-domain-went-from-delhi-techie-to-dubai-siblings/articleshow/114686323.cms,JioHotstar.com ownership dispute explained: How JioHotstar domain went from Delhi techie to Dubai sibling,28 Oct 2024,Times of India
Jio Lawsuits,google,https://www.business-standard.com/world-news/disney-settles-lawsuit-for-43-million-over-alleged-gender-pay-disparity-124112600489_1.html,Disney settles lawsuit for $43 million over alleged gender pay disparity,26 Nov 2024,Business Standard
Jio Lawsuits,google,https://www.medianama.com/2024/04/223-earnings-call-reliance-jio-250-per-cent-rise-in-data-traffic/,Earnings call: Reliance Jio saw 250% rise in data traffic in the past three years,25 Apr 2024,MediaNama
Jio Lawsuits,google,https://www.mypunepulse.com/sim-shutdown-sparks-legal-battle-mukesh-ambani-taken-to-court-over-jio-dispute/,SIM Shutdown Sparks Legal Battle: Mukesh Ambani Taken to Court Over Jio Dispute,8 Aug 2024,PUNE PULSE
Jio Lawsuits,google,https://www.indianweb2.com/2024/11/adani-to-invest-2-bn-in-building-jio.html,Adani to Invest $2 Bn in Building Jio World Like Convention Centre,20 Nov 2024,Indianweb2.com
Jio Lawsuits,google,https://news24online.com/tech/does-mobile-tower-radiation-impact-pregnant-women-read-how-govt-responded-to-this-serious-concern-308068/308068/,Govt Response to Mobile Radiation Concerns for Pregnant Women,17 Jul 2024,news24online.com
Jio Lawsuits,google,https://www.business-standard.com/finance/personal-finance/89-of-indians-face-call-drops-even-after-tariff-hike-by-jio-airtel-vi-124071500323_1.html,"89% of Indians face call drops even after tariff hike by Jio, Airtel, VI",15 Jul 2024,Business Standard
Jio Lawsuits,google,https://www.thehindu.com/business/jio-buys-us-based-mimosa-networks-for-60-mn/article66600947.ece,Jio buys U.S.-based Mimosa Networks for $60 mn,9 Mar 2023,The Hindu
Jio Lawsuits,bing,https://timesofindia.indiatimes.com/technology/social/chor-ke-ghar-chori-chatgpt-maker-openai-roasted-after-theft-claims-against-chinas-deepseek/articleshow/117726470.cms,"OpenAI is concerned about Chinese companies imitating its advanced AI models and is taking steps to prevent this. Meanwhile, ...",4d,4d
Jio Lawsuits,bing,/news/search?q=site%3aeconomictimes.indiatimes.com&FORM=NWBCLM,Jio Financial Services Board Meeting Intimation for Consideration And Approval Of The Standalone And Consolidated Unaudited Financial Results O... Jio Financial Services Ltdhas informed BSE that the ...,12d,Indiatimes12d
Jio Lawsuits,bing,/news/search?q=site%3awww.gizbot.com&FORM=NWBCLM,"Jio's All-In-One Plans present a well-rounded package for JioPhone users, incorporating data, SMS, and voice calls in a single, budget-friendly offering. It allows users to enjoy uninterrupted ...",23d,GIZBOT23d
Jio Lawsuits,yahoo,https://r.search.yahoo.com/_ylt=AwrO6Pt.y6BnB2clYHPQtDMD;_ylu=Y29sbwNncTEEcG9zAzEEdnRpZAMEc2VjA3Ny/RV=2/RE=1738619902/RO=10/RU=https%3a%2f%2fnextshark.com%2fmukesh-ambani-cheapest-internet-connected-phone%2f/RK=2/RS=qTbehozwUSdtb.WMGKkmAqaE.KI-,Asia’s richest man launches $12 4G phones,2 years ago ·,NextShark
Jio Lawsuits,yahoo,https://r.search.yahoo.com/_ylt=AwrO6Pt.y6BnB2clYnPQtDMD;_ylu=Y29sbwNncTEEcG9zAzIEdnRpZAMEc2VjA3Ny/RV=2/RE=1738619902/RO=10/RU=https%3a%2f%2fwww.yahoo.com%2ftech%2fapple-google-alert-smartphone-users-202347307.html/RK=2/RS=BubRRA8IMcx7DqrYLkegu5sd7RM-,"Apple, Google to alert smartphone users of nearby wireless tracking devices",9 months ago ·,United Press International·  via Yahoo News
Jio Lawsuits,yahoo,https://r.search.yahoo.com/_ylt=AwrO6Pt.y6BnB2clZHPQtDMD;_ylu=Y29sbwNncTEEcG9zAzMEdnRpZAMEc2VjA3Ny/RV=2/RE=1738619902/RO=10/RU=https%3a%2f%2fwww.aol.com%2fyoull-now-able-tell-tracking-185807929.html/RK=2/RS=g_MT2XHxnLiSRTA2vE.38hQc0IU-,"You'll now be able to tell if a tracking device, like an Apple Airtag, is moving...",9 months ago ·,Scripps News·  via AOL
Jio Lawsuits,yahoo,https://r.search.yahoo.com/_ylt=AwrO6Pt.y6BnB2clZnPQtDMD;_ylu=Y29sbwNncTEEcG9zAzQEdnRpZAMEc2VjA3Ny/RV=2/RE=1738619902/RO=10/RU=https%3a%2f%2fwww.yahoo.com%2flifestyle%2fworlds-richest-families-privileged-pass-140000608.html%3ffr%3dsycsrp_catchall/RK=2/RS=0iJzWIlQFkTUqBlDlxy_XMwUEDs-,"The world's richest families, a privileged pass to college, and microdosing...",1 month ago ·,Quartz·  via Yahoo News
Jio Lawsuits,yahoo,https://r.search.yahoo.com/_ylt=AwrO6Pt.y6BnB2claHPQtDMD;_ylu=Y29sbwNncTEEcG9zAzUEdnRpZAMEc2VjA3Ny/RV=2/RE=1738619902/RO=10/RU=https%3a%2f%2fwww.engadget.com%2fapple-and-google-roll-out-a-cross-platform-feature-to-tackle-unwanted-bluetooth-trackers-172411423.html/RK=2/RS=zPcucZ7PJ50untiwcK_0Iim379I-,Apple and Google roll out a cross-platform feature to tackle unwanted Bluetooth...,9 months ago ·,Engadget
Jio Lawsuits,yahoo,https://r.search.yahoo.com/_ylt=AwrO6Pt.y6BnB2clanPQtDMD;_ylu=Y29sbwNncTEEcG9zAzYEdnRpZAMEc2VjA3Ny/RV=2/RE=1738619902/RO=10/RU=https%3a%2f%2ffinance.yahoo.com%2fnews%2findias-religare-says-us-businessman-072427155.html%3ffr%3dsycsrp_catchall/RK=2/RS=MlOPXoGancV2QtEu0YdwQ6ydoA8-,India's Religare says US businessman makes competing offer for stake,1 week ago ·,Reuters·  via Yahoo Finance
Jio Lawsuits,yahoo,https://r.search.yahoo.com/_ylt=AwrO6Pt.y6BnB2clbHPQtDMD;_ylu=Y29sbwNncTEEcG9zAzcEdnRpZAMEc2VjA3Ny/RV=2/RE=1738619902/RO=10/RU=https%3a%2f%2ffinance.yahoo.com%2fnews%2fipl-chennai-super-kings-ms-dhoni-000047734.html%3ffr%3dsycsrp_catchall/RK=2/RS=3mddATzuQaYpV4nDPmHlKF3FMg8-,"IPL: Chennai Super Kings, the power franchise led by MS Dhoni",2 years ago ·,Yahoo Finance UK
Jio Lawsuits,yahoo,https://r.search.yahoo.com/_ylt=AwrO6Pt.y6BnB2clbnPQtDMD;_ylu=Y29sbwNncTEEcG9zAzgEdnRpZAMEc2VjA3Ny/RV=2/RE=1738619902/RO=10/RU=https%3a%2f%2ftechcrunch.com%2f2023%2f10%2f29%2fa-look-at-how-one-fintech-ceos-pr-decision-backfired%2f/RK=2/RS=2JmPdiy4Pwje0eRfgenmeaTy4V4-,A look at how one fintech CEO's PR decision backfired,1 year ago ·,TechCrunch
Jio Lawsuits,yahoo,https://r.search.yahoo.com/_ylt=AwrO6Pt.y6BnB2clcHPQtDMD;_ylu=Y29sbwNncTEEcG9zAzkEdnRpZAMEc2VjA3Ny/RV=2/RE=1738619902/RO=10/RU=https%3a%2f%2ffinance.yahoo.com%2fnews%2fstar-founder-broke-down-tears-000000431.html%3ffr%3dsycsrp_catchall/RK=2/RS=6THheEIQTOuKUTH3hZSx4y53OEI-,Star Founder Broke Down in Tears as Crises Engulfed Byju’s,2 years ago ·,Bloomberg·  via Yahoo Finance
Jio merger,google,https://timesofindia.indiatimes.com/technology/tech-news/reliance-jio-and-disney-star-merger-complete-jiostar-com-is-the-go-to-website-this-means-a-big-not-interested-message-to-/articleshow/115311446.cms,Reliance Jio and Disney Star merger complete: JioStar.com is the go-to website; this means a big ‘Not Int,15 Nov 2024,Times of India
Jio merger,google,https://www.india.com/business/mukesh-ambani-gift-to-users-after-jio-disney-merger-as-jiostar-announces-subscription-plans-starting-at-just-rs-15-jiocinema-hotsar-merger-reliance-jio-nita-ambani-jiostar-dot-com-7400053/,Mukesh Ambani's gift to users after Jio-Disney merger as JioStar announces subscription plans starting at jus,18 Nov 2024,India.Com
Jio merger,google,https://www.digit.in/news/apps/jio-cinema-to-merge-with-disney-hotstar-what-will-happen-to-movies-shows-and-ipl-streaming.html,"Jio Cinema to merge with Disney+ Hotstar: What will happen to movies, shows and IPL streaming",20 Oct 2024,Digit
Jio merger,google,https://www.cricbuzz.com/cricket-news/132883/jio-and-star-to-operate-as-unified-entity-from-india-england-series,Jio and Star to operate as unified entity from India-England series,1 month ago,Cricbuzz.com
Jio merger,google,https://www.dnaindia.com/business/report-mukesh-ambanis-mega-offer-after-jio-disney-merger-jiostar-plans-starting-at-just-rs-15-3118500,"Mukesh Ambani's MEGA offer after Jio-Disney merger, Jiostar plans starting at just Rs...",18 Nov 2024,DNA India
Jio merger,google,https://www.hindustantimes.com/entertainment/reliance-disney-finalise-8-5b-merger-of-indian-assets-no-clarity-if-jiocinema-hotstar-will-merge-into-jiohotstar-101731640686106.html,"Reliance, Disney finalise $8.5B merger of Indian assets; no clarity if JioCinema, Hotstar will merge into JioHotstar",15 Nov 2024,Hindustan Times
Jio merger,google,https://www.thehindubusinessline.com/companies/reliance-disney-complete-merger-to-create-85-billion-jv/article68868404.ece,Reliance Jio & Disney star complete merger to create $8.5-bn JV,15 Nov 2024,BusinessLine
Jio merger,google,https://www.indiatoday.in/fact-check/story/reliance-jio-cinema-disney-hotstar-merger-domain-url-anonymous-owner-interview-2622702-2024-10-24,Jio Mere Lal: Meet the secret superstar who outsmarted Reliance and secured JioHotstar.com,24 Oct 2024,India Today
Jio merger,google,https://www.fortuneindia.com/long-reads/reliance-disney-star-merger-why-jiostar-faces-tough-climb-to-content-supremacy/119435,Reliance-Disney-Star merger: Why JioStar faces a tough climb’,7 Dec 2024,Fortune India
Jio merger,google,https://www.livemint.com/companies/reliancedisney-merger-jiostar-website-goes-live-amid-jiohotstar-domain-saga-11731405960527.html,Reliance-Disney merger: JioStar website goes live amid JioHotstar domain saga,12 Nov 2024,mint
Jio merger,bing,https://www.thehindubusinessline.com/companies/ipl-2025-ad-rates-spike-25-30-following-jiostar-merger/article69142928.ece,"Advertising rates for the Indian Premier League (IPL), 2025 have gone up 25-30 per cent from last year based on first-ask ...",8d,8d
Jio merger,bing,/news/search?q=site%3awww.indiatvnews.com&FORM=NWBCLM,"After the long-awaited merger between Viacom18 and Star India, the new company, Jio Star, has recently announced its pricing for television packages. These new prices are significantly higher than ...",28d,India TV28d
Jio merger,bing,https://www.thehindu.com/sci-tech/technology/ex-disney-hotstar-head-sajith-sivanandan-joins-jio-mobile-digital-services-as-president/article69126555.ece,"Post Disney’s Star India merger with Reliance Industries’ Viacom 18, Mr. Sivanandan stepped down from his role in October ...",12d,12d
Jio merger,bing,/news/search?q=site%3awww.ndtv.com&FORM=NWBCLM,"The merger between Reliance Jio’s Viacom18 and Star India Private Limited is expected to reach its conclusion this week. Ahead of the anticipated completion, a new website has surfaced which ...",3d,NDTV3d
Jio merger,bing,https://www.msn.com/en-in/money/markets/jio-financial-blackrock-expand-operations-with-new-broking-venture/ar-AA1xzgo5?ocid=BingNewsVerp,"Jio Financial Services, in partnership with BlackRock, has expanded into the broking sector with a new subsidiary, Jio ...",13d,13don MSN
Jio merger,yahoo,https://r.search.yahoo.com/_ylt=AwrO6PuAy6BnaB4mXDbQtDMD;_ylu=Y29sbwNncTEEcG9zAzEEdnRpZAMEc2VjA3Ny/RV=2/RE=1738619904/RO=10/RU=https%3a%2f%2fwww.yahoo.com%2fentertainment%2findia-jio-studios-chief-reveals-024500157.html%3ffr%3dsycsrp_catchall/RK=2/RS=okUozcRnqi28p8i6NWfRlvCgQOY-,"India’s Jio Studios Chief Reveals Slate, Strategy: ‘We’ve Hit a Purple Patch,...",10 months ago ·,Variety·  via Yahoo News
Jio merger,yahoo,https://r.search.yahoo.com/_ylt=AwrO6PuAy6BnaB4mXjbQtDMD;_ylu=Y29sbwNncTEEcG9zAzIEdnRpZAMEc2VjA3Ny/RV=2/RE=1738619904/RO=10/RU=https%3a%2f%2ffinance.yahoo.com%2fnews%2freliance-spin-off-jio-financial-044345942.html%3ffr%3dsycsrp_catchall/RK=2/RS=Bol0xLT7gYdQHdPdqyo6VN3wAqg-,"Reliance's Jio Financial hits limit-down on debut, valued at $19 billion",1 year ago ·,Reuters·  via Yahoo Finance
Jio merger,yahoo,https://r.search.yahoo.com/_ylt=AwrO6PuAy6BnaB4mYDbQtDMD;_ylu=Y29sbwNncTEEcG9zAzMEdnRpZAMEc2VjA3Ny/RV=2/RE=1738619904/RO=10/RU=https%3a%2f%2fwww.yahoo.com%2fentertainment%2fdisney-mukesh-ambani-reliance-industries-112217301.html%3ffr%3dsycsrp_catchall/RK=2/RS=s_ZEij9gcHI3XobDYyIMxRi5cGo-,Disney and Mukesh Ambani’s Reliance Industries Edge Closer to Massive India TV...,1 year ago ·,Variety·  via Yahoo News
Jio merger,yahoo,https://r.search.yahoo.com/_ylt=AwrO6PuAy6BnaB4mYjbQtDMD;_ylu=Y29sbwNncTEEcG9zAzQEdnRpZAMEc2VjA3Ny/RV=2/RE=1738619904/RO=10/RU=https%3a%2f%2fwww.yahoo.com%2fentertainment%2f6-billion-ipl-cricket-series-133000163.html%3ffr%3dsycsrp_catchall/RK=2/RS=s6DWosZwIK14Sh_2n3eKm53klCM-,Will the $6 Billion IPL Cricket Series Mean Disney is Hit for Six in India?,2 years ago ·,Variety·  via Yahoo News
Jio merger,yahoo,https://r.search.yahoo.com/_ylt=AwrO6PuAy6BnaB4mZDbQtDMD;_ylu=Y29sbwNncTEEcG9zAzUEdnRpZAMEc2VjA3Ny/RV=2/RE=1738619904/RO=10/RU=https%3a%2f%2fwww.yahoo.com%2fentertainment%2fsony-zee-merger-turning-point-141430708.html%3ffr%3dsycsrp_catchall/RK=2/RS=HoX.TSkIU64P2QByplvukjta3s0-,"Will the Sony-Zee Merger Be a Turning Point in Indian Media, or Another...",1 year ago ·,Variety·  via Yahoo News
Jio merger,yahoo,https://r.search.yahoo.com/_ylt=AwrO6PuAy6BnaB4mZjbQtDMD;_ylu=Y29sbwNncTEEcG9zAzYEdnRpZAMEc2VjA3Ny/RV=2/RE=1738619904/RO=10/RU=https%3a%2f%2fwww.yahoo.com%2fentertainment%2fsony-calls-off-10-billion-063609541.html%3ffr%3dsycsrp_catchall/RK=2/RS=9NRUfDMLGRs6ZcjKrEcNeDzV7Vg-,Sony Calls Off $10 Billion Merger With Indian TV Giant Zee Entertainment...,1 year ago ·,Variety·  via Yahoo News
Jio merger,yahoo,https://r.search.yahoo.com/_ylt=AwrO6PuAy6BnaB4maDbQtDMD;_ylu=Y29sbwNncTEEcG9zAzcEdnRpZAMEc2VjA3Ny/RV=2/RE=1738619904/RO=10/RU=https%3a%2f%2ffinance.yahoo.com%2fnews%2findias-vodafone-idea-misses-q4-145114735.html%3ffr%3dsycsrp_catchall/RK=2/RS=GUpjwDSQlkeXSmVkM.J3kQHLGTI-,India's Vodafone Idea misses Q4 revenue view as subscriber base narrows,9 months ago ·,Reuters·  via Yahoo Finance
Jio merger,yahoo,https://r.search.yahoo.com/_ylt=AwrO6PuAy6BnaB4majbQtDMD;_ylu=Y29sbwNncTEEcG9zAzgEdnRpZAMEc2VjA3Ny/RV=2/RE=1738619904/RO=10/RU=https%3a%2f%2ffinance.yahoo.com%2fnews%2findias-vodafone-idea-reports-lower-143418326.html%3ffr%3dsycsrp_catchall/RK=2/RS=YSlPuWIU6HLpl6NKs9T3UemTDg0-,India's Vodafone Idea reports lower-than-expected Q1 loss on reduced expenses,6 months ago ·,Reuters·  via Yahoo Finance
Jio merger,yahoo,https://r.search.yahoo.com/_ylt=AwrO6PuAy6BnaB4mbDbQtDMD;_ylu=Y29sbwNncTEEcG9zAzkEdnRpZAMEc2VjA3Ny/RV=2/RE=1738619904/RO=10/RU=https%3a%2f%2ffinance.yahoo.com%2fnews%2fdisney-talks-mukesh-ambanis-reliance-090020066.html%3ffr%3dsycsrp_catchall/RK=2/RS=f7YXU5CMztN9LLcAXVjpr.v_.y4-,Disney In Talks With Mukesh Ambani's Reliance For Mega Indian Media Merger,1 year ago ·,Benzinga·  via Yahoo Finance
Jio merger,yahoo,https://r.search.yahoo.com/_ylt=AwrO6PuAy6BnaB4mbjbQtDMD;_ylu=Y29sbwNncTEEcG9zAzEwBHZ0aWQDBHNlYwNzcg--/RV=2/RE=1738619904/RO=10/RU=https%3a%2f%2ffinance.yahoo.com%2fnews%2fdisney-reliance-8-5-billion-154919851.html%3ffr%3dsycsrp_catchall/RK=2/RS=KciRVT8kWjPGjdlKlZ3o1btpCqk-,Disney-Reliance $8.5 Billion Media Merger Faces Antitrust Scrutiny in India Over...,5 months ago ·,Variety·  via Yahoo Finance
Jio bankruptcy,google,https://www.ndtvprofit.com/business/reliance-infratel-insolvency-supreme-court-restores-four-entities-as-financial-creditors,Reliance Infratel Insolvency: Supreme Court Restores Four Entities As Financial Creditors,1 month ago,NDTV Profit
Jio bankruptcy,google,https://m.economictimes.com/industry/telecom/telecom-news/jio-moves-nclt-for-early-resolution-of-reliance-infratel-bankruptcy-process/articleshow/95341618.cms,Jio moves NCLT for early resolution of Reliance Infratel bankruptcy process,6 Nov 2022,The Economic Times
Jio bankruptcy,google,https://telecom.economictimes.indiatimes.com/news/jio-moves-nclt-for-early-resolution-of-reliance-infratel-bankruptcy-process/95341787,Jio moves NCLT for early resolution of Reliance Infratel bankruptcy process,6 Nov 2022,ET Telecom
Jio bankruptcy,google,https://www.indiatoday.in/business/story/mukesh-ambani-s-reliance-jio-planning-to-bid-for-brother-anil-s-rcom-in-bankruptcy-1570373-2019-07-17,Mukesh Ambani's Reliance Jio planning to bid for brother Anil's RCom in bankruptcy,17 Jul 2019,India Today
Jio bankruptcy,google,https://www.business-standard.com/article/companies/aircel-files-for-bankruptcy-cites-jio-s-disruptive-entry-as-a-reason-118022800709_1.html,"Aircel files for bankruptcy, cites Jio's disruptive entry as a reason",28 Feb 2018,Business Standard
Jio bankruptcy,google,https://www.livemint.com/industry/telecom/reliance-jio-bharti-airtel-submit-bids-for-rcom-assets-11574672715005.html,"Airtel, Reliance Jio submit bids for assets of bankrupt RCom | Mint",25 Nov 2019,mint
Jio bankruptcy,google,https://www.businesstoday.in/latest/corporate/story/anil-ambani-rcom-files-for-bankruptcy-after-several-failed-attempts-to-repay-debt-168013-2019-02-02,"Tariff war with Jio, Rs 46,000 cr debt, pressure from lenders force RCom to go for bankruptcy",2 Feb 2019,Business Today
Jio bankruptcy,google,https://www.fortuneindia.com/enterprise/reliance-communications-end-of-the-road-or-last-throw-of-the-dice/102941,Reliance Communications: End of the road or last throw of the dice?’,2 Feb 2019,Fortune India
Jio bankruptcy,google,https://premium.capitalmind.in/2021/08/what-happens-if-vodafone-idea-goes-bankrupt/,What happens if Vodafone Idea goes bankrupt?,5 Aug 2021,Capitalmind
Jio bankruptcy,google,https://telecom.economictimes.indiatimes.com/news/industry/bsnl-sinking-deep-in-crisis-amid-user-churn-to-jio-airtel-delay-in-4g-gear-supply-employees-union/107748436,"BSNL ‘sinking deep’ in crisis amid user churn to Jio, Airtel, delay in 4G gear supply: Employees union",16 Feb 2024,ET Telecom
Jio bankruptcy,bing,/news/search?q=site%3aeconomictimes.indiatimes.com&FORM=NWBCLM,"Jio Financial Services ended the previous trading day at Rs 298.6, reflecting a decline of 2.47% and a trading volume of 10,545,440 shares.",24d,Indiatimes24d
Jio bankruptcy,bing,https://www.msn.com/en-in/money/other/jio-financial-services-shares-in-focus-after-rs-117-crore-infusion-in-mutual-fund-business/ar-AA1xCTVe?ocid=BingNewsVerp,"Both JFSL and BlackRock have subscribed to 5.85 crore equity shares, each priced at Rs 10, in Jio BlackRock Asset Management ...",12d,12don MSN
Jio bankruptcy,bing,/news/search?q=site%3awww.digit.in&FORM=NWBCLM,"Jio recharge plans 2025: Reliance Jio, a popular telecom operator in the country, offers a variety of recharge plans under Rs 500 that include 5G data, unlimited calling, and SMS, depending on the ...",24d,Digit24d
Jio bankruptcy,bing,/news/search?q=site%3awww.thehindu.com&FORM=NWBCLM,"In Madhya Pradesh, Reliance Jio has a wireless subscriber market share which is close to 55%. In Kolkata, Maharashtra, Gujarat, Odisha, West Bengal, and Rajasthan, Reliance Jio leads with a market ...",3d,The Hindu3d
Jio bankruptcy,bing,/news/search?q=site%3awww.indiatvnews.com&FORM=NWBCLM,"In this landscape, Jio stands out as the largest telecom provider in the country, offering affordable plans that cater to millions of users. Recently, Jio has introduced some exciting options ...",27d,India TV27d
Jio bankruptcy,bing,/news/search?q=site%3awww.gizbot.com&FORM=NWBCLM,"Jio's All-In-One Plans present a well-rounded package for JioPhone users, incorporating data, SMS, and voice calls in a single, budget-friendly offering. It allows users to enjoy uninterrupted ...",23d,GIZBOT23d
Apple Lawsuits,google,https://www.bbc.com/news/articles/cr4rvr495rgo,Apple to pay $95m to settle Siri listening case,4 weeks ago,BBC
Apple Lawsuits,google,https://indianexpress.com/article/technology/tech-news-technology/apple-settlement-siri-lawsuit-what-to-know-9761331/,Apple settles $95M eavesdropping lawsuit: Has it done enough to address privacy concerns around Siri?,4 weeks ago,The Indian Express
Apple Lawsuits,google,https://www.business-standard.com/world-news/apple-urges-federal-judge-for-early-dismissal-in-us-antitrust-lawsuit-124112100102_1.html,Apple urges federal judge for early dismissal in US antitrust lawsuit,21 Nov 2024,Business Standard
Apple Lawsuits,google,https://m.economictimes.com/news/international/us/are-you-an-apple-device-owner-millions-may-be-eligible-for-a-payout-in-a-95-million-class-action-lawsuit-settlement/articleshow/116948266.cms,Are you an Apple device owner? Millions may be eligible for a payout in a $95 million class action lawsuit,1 month ago,The Economic Times
Apple Lawsuits,google,https://www.reuters.com/legal/apple-pay-95-million-settle-siri-privacy-lawsuit-2025-01-02/,Apple to pay $95 million to settle Siri privacy lawsuit,1 month ago,Reuters
Apple Lawsuits,google,https://timesofindia.indiatimes.com/technology/tech-news/apple-faces-class-action-lawsuit-over-alleged-airpods-pro-audio-defects/articleshow/115298532.cms,Apple faces class action lawsuit over alleged AirPods Pro audio defects,14 Nov 2024,Times of India
Apple Lawsuits,google,https://www.vice.com/en/article/apple-settles-class-action-lawsuit-swollen-apple-watch-batteries/,"If You Own an Apple Watch, You Could Win $20—From a Class Action Lawsuit",3 days ago,VICE
Apple Lawsuits,google,https://www.theverge.com/24107581/doj-v-apple-antitrust-monoply-news-updates,US v. Apple: everything you need to know,20 Nov 2024,The Verge
Apple Lawsuits,google,https://www.dnaindia.com/explainer/report-got-an-apple-device-these-users-may-be-eligible-for-payout-in-rs-814-crore-class-action-lawsuit-check-eligibility-3125821,"Got an Apple device? THESE users may be eligible for payout in Rs 814 crore class action lawsuit, check",4 weeks ago,DNA India
Apple Lawsuits,google,https://www.news18.com/tech/apple-ordered-to-pay-over-rs-800-crore-for-siri-privacy-case-what-you-should-know-9177941.html,Apple Ordered To Pay Over Rs 800 Crore For Siri Privacy Case: What You Should Know,1 month ago,News18
Apple Lawsuits,bing,/news/search?q=site%3awww.gizmochina.com&FORM=NWBCLM,Apple has agreed to pay out $20 million to settle the class action lawsuit involving the Apple Watch battery swelling issue.,1h,1h
Apple Lawsuits,bing,https://www.msn.com/en-us/news/technology/apple-reaches-20m-settlement-in-watch-battery-lawsuit-heres-who-qualifies/ar-AA1y8Jgn?ocid=BingNewsVerp,Eligible Apple Watch owners have until April 10 to apply for a payout.,3d,CNET on MSN3d
Apple Lawsuits,bing,https://www.heise.de/en/news/Apple-pays-Apple-Watch-users-20-million-US-dollars-after-class-action-lawsuit-10267483.html,"In older Apple Watch models, the battery could swell and cause the display to become damaged.",3h,3h
Apple Lawsuits,bing,https://www.msn.com/en-us/technology/consumer-electronics/apple-settles-lawsuit-over-expanding-watch-batteries/ar-AA1yiowV?ocid=BingNewsVerp,The years-long legal fight over the batteries on early generations of Apple Watches appears to have reached its conclusion. A ...,12h,Hosted on MSN12h
Apple Lawsuits,bing,https://www.msn.com/en-in/technology/tech-companies/one-of-apple-s-best-selling-products-has-been-accused-of-exposing-users-to-cancer-in-a-lawsuit-what-is-it-all-about/ar-AA1xNZpF?ocid=BingNewsVerp,Apple has now come into a major wave of controversy after one of their popular and best-selling product has been accused of ...,9d,9don MSN
Apple Lawsuits,bing,https://www.forbes.com/sites/davidphelan/2025/01/31/apple-watch-20-million-payout-are-you-eligible-and-how-do-you-claim/,Some Apple Watch owners with faulty or cracked screens are now eligible to part of a major payout. Here are the details.,2d,2d
Apple Lawsuits,bing,https://www.msn.com/en-us/money/other/bought-an-apple-watch-series-3-or-earlier-apple-could-owe-you-money-here-s-how-to-make-a-claim/ar-AA1yjPNT?ocid=BingNewsVerp,"As spotted by TechCrunch, Apple has settled a class action lawsuit alleging that the company's earliest Apple Watches, the ...",3h,3hon MSN
Apple Lawsuits,bing,/news/search?q=site%3awww.macrumors.com&FORM=NWBCLM,Apple has reached a $20 million settlement to resolve a class-action lawsuit alleging that certain early Apple Watch models suffered from a battery defect that caused screens to detach or crack ...,10d,MacRumors10d
Apple Lawsuits,bing,https://www.msn.com/en-us/health/other/apple-watch-lawsuit-claims-some-bands-contain-harmful-forever-chemicals/ar-AA1xOjlO?ocid=BingNewsVerp,"A class action lawsuit has been filed against Apple, alleging that some Apple Watch wristbands contain potentially hazardous ...",9d,CNET on MSN9d
Apple Lawsuits,yahoo,https://r.search.yahoo.com/_ylt=AwrO6PuEy6BnwKYkQLXQtDMD;_ylu=Y29sbwNncTEEcG9zAzEEdnRpZAMEc2VjA3Ny/RV=2/RE=1738619908/RO=10/RU=https%3a%2f%2fwww.techspot.com%2fnews%2f106613-apple-watch-owners-could-get-up-50-20.html/RK=2/RS=yqT28ZOTdQQD4zLIvX6JLgX6TxY-,Apple Watch owners could get up to $50 from $20 million battery lawsuit...,3 hours ago ·,TechSpot
Apple Lawsuits,yahoo,https://r.search.yahoo.com/_ylt=AwrO6PuEy6BnwKYkQrXQtDMD;_ylu=Y29sbwNncTEEcG9zAzIEdnRpZAMEc2VjA3Ny/RV=2/RE=1738619908/RO=10/RU=https%3a%2f%2fwww.techradar.com%2fhealth-fitness%2fsmartwatches%2fbought-an-apple-watch-series-3-or-earlier-apple-could-owe-you-money-heres-how-to-make-a-claim/RK=2/RS=53.QFEKa8vUOse8Dc_O_6hCEwF4-,"Bought an Apple Watch Series 3 or earlier? Apple could owe you money, here's how...",3 hours ago ·,TechRadar
Apple Lawsuits,yahoo,https://r.search.yahoo.com/_ylt=AwrO6PuEy6BnwKYkRLXQtDMD;_ylu=Y29sbwNncTEEcG9zAzMEdnRpZAMEc2VjA3Ny/RV=2/RE=1738619908/RO=10/RU=https%3a%2f%2fwww.androidheadlines.com%2f2025%2f02%2fapple-defends-search-engine-deals-in-google-antitrust-case.html/RK=2/RS=YIufLFW677OzJOBQfI_.fcOy1nU-,Apple defends search engine deals in Google's antitrust case,2 hours ago ·,Android Headlines
Apple Lawsuits,yahoo,https://r.search.yahoo.com/_ylt=AwrO6PuEy6BnwKYkRrXQtDMD;_ylu=Y29sbwNncTEEcG9zAzQEdnRpZAMEc2VjA3Ny/RV=2/RE=1738619908/RO=10/RU=https%3a%2f%2flifehacker.com%2ftech%2fapple-watch-settlement-how-to-claim/RK=2/RS=E4pALvQO4UWH0VjB0MhNPsfOKIQ-,How to Claim Your Piece of Apple's $20 Million Watch Settlement,3 days ago ·,Lifehacker
Apple Lawsuits,yahoo,https://r.search.yahoo.com/_ylt=AwrO6PuEy6BnwKYkSLXQtDMD;_ylu=Y29sbwNncTEEcG9zAzUEdnRpZAMEc2VjA3Ny/RV=2/RE=1738619908/RO=10/RU=https%3a%2f%2ffinance.yahoo.com%2fnews%2fapple-siri-settlement-could-paid-170101404.html%3ffr%3dsycsrp_catchall/RK=2/RS=V69ydWrRJnP50Upm5W3liMNFzn4-,Apple’s Siri Settlement: How You Could Get Paid — What You Need To Know,7 days ago ·,GOBankingRates·  via Yahoo Finance
Apple Lawsuits,yahoo,https://r.search.yahoo.com/_ylt=AwrO6PuEy6BnwKYkSrXQtDMD;_ylu=Y29sbwNncTEEcG9zAzYEdnRpZAMEc2VjA3Ny/RV=2/RE=1738619908/RO=10/RU=https%3a%2f%2ffinance.yahoo.com%2fnews%2fapple-reaches-20m-settlement-watch-202009039.html%3ffr%3dsycsrp_catchall/RK=2/RS=X07iA4Z_TnSpRFwd21WZdiKODw0-,Apple Will Pay Out $20 Million to Apple Watch Owners. Who Can File a Claim?,2 days ago ·,CNET·  via Yahoo Finance
Apple Lawsuits,yahoo,https://r.search.yahoo.com/_ylt=AwrO6PuEy6BnwKYkTLXQtDMD;_ylu=Y29sbwNncTEEcG9zAzcEdnRpZAMEc2VjA3Ny/RV=2/RE=1738619908/RO=10/RU=https%3a%2f%2fwww.yahoo.com%2ftech%2fnow-claim-part-20-million-061830111.html/RK=2/RS=oiBXiLoX3t81h0DweSBMBBNg8u4-,You Can Now Claim Part of This $20 Million Apple Watch Settlement,1 day ago ·,PC Mag·  via Yahoo News
Apple Lawsuits,yahoo,https://r.search.yahoo.com/_ylt=AwrO6PuEy6BnwKYkTrXQtDMD;_ylu=Y29sbwNncTEEcG9zAzgEdnRpZAMEc2VjA3Ny/RV=2/RE=1738619908/RO=10/RU=https%3a%2f%2ffinance.yahoo.com%2fnews%2fapple-paying-20-million-over-160106014.html%3ffr%3dsycsrp_catchall/RK=2/RS=Nu7Q4yiLow8BBsLcg2yK57bG2GU-,Apple paying $20 million over Apple Watch lawsuit — see if you’re eligible,2 days ago ·,Tom's Guide·  via Yahoo Finance
Apple Lawsuits,yahoo,https://r.search.yahoo.com/_ylt=AwrO6PuEy6BnwKYkULXQtDMD;_ylu=Y29sbwNncTEEcG9zAzkEdnRpZAMEc2VjA3Ny/RV=2/RE=1738619908/RO=10/RU=https%3a%2f%2fwww.macobserver.com%2fapple-watch%2f4-best-nontoxic-apple-watch-bands-for-your-skin-pfas-free%2f/RK=2/RS=lrsQeLZEZqpjaFYpQJ5ECkzQgR8-,4 Best Nontoxic Apple Watch Bands for Your Skin (PFAS Free),6 days ago ·,The Mac Observer
Apple Lawsuits,yahoo,https://r.search.yahoo.com/_ylt=AwrO6PuEy6BnwKYkUrXQtDMD;_ylu=Y29sbwNncTEEcG9zAzEwBHZ0aWQDBHNlYwNzcg--/RV=2/RE=1738619908/RO=10/RU=https%3a%2f%2fwww.phonearena.com%2fnews%2fsome-apple-watch-owners-will-share-20-million-dollar-class-action-settlement_id167114/RK=2/RS=xtochB8TDgTyIqekse0cTrn7Jeo-,Some Apple Watch owners will share $20 million paid by Apple to settle lawsuit,5 days ago ·,PhoneArena
Apple merger,google,https://www.investopedia.com/investing/top-companies-owned-apple/,6 Companies Owned by Apple,8 Oct 2024,Investopedia
Apple merger,google,https://timesofindia.indiatimes.com/technology/tech-news/apple-planning-to-buy-intel-what-and-why-of-rumours-of-apple-acquiring-the-56-year-old-chipmaker/articleshow/114861241.cms,Apple planning to buy Intel: What and why of rumours of Apple acquiring the 56-year-old chipmaker,2 Nov 2024,Times of India
Apple merger,google,https://www.indiatvnews.com/technology/news/could-apple-be-eyeing-intel-for-acquisition-2024-11-02-959899,Could Apple be eyeing Intel for acquisition?,2 Nov 2024,India TV News
Apple merger,google,https://m.economictimes.com/tech/technology/is-apple-buying-intel-rumours-of-a-deal-crop-up/articleshow/114873054.cms,Is Apple buying Intel? Rumours of a deal crop up,2 Nov 2024,The Economic Times
Apple merger,google,https://www.windowscentral.com/hardware/cpu-gpu-components/intel-could-potentially-be-on-apples-acquisition-portfolio-amid-financial-struggles-emancipating-itself-from-an-overreliance-on-tsmc-for-chips-but-samsung-could-have-better-standing,"Intel could potentially be on Apple's acquisition portfolio amid financial struggles, emancipating itself from an overreliance on TSMC for chips — but Samsung could have better standing",30 Oct 2024,Windows Central
Apple merger,google,https://www.livemint.com/companies/news/apple-set-for-music-tv-streaming-fight-in-india-after-airtel-deal-videos-market-share-revenue-customers-wynk-music-app-11725252005118.html,"Apple set for music, TV streaming fight in India after Airtel deal",2 Sept 2024,mint
Apple merger,google,https://www.musicbusinessworldwide.com/india-music-streaming-service-wynk-music-apple-music-via-new-airtel-partnership/,Indian streaming service Wynk Music to shut down; subscribers pushed to Apple Music via new Airtel partnership,27 Aug 2024,Music Business Worldwide
Apple merger,google,https://www.newsx.com/tech-and-auto/google-plans-to-merge-chrome-os-into-android-to-take-on-apples-ipad/,Google Plans To Merge Chrome OS Into Android To Take On Apple’s iPad,20 Nov 2024,Newsx
Apple merger,google,https://www.pocket-lint.com/apples-most-notable-acquisitions/,11 of Apple's most notable acquisitions,21 Jul 2024,Pocket-lint
Apple merger,google,https://www.business-standard.com/companies/news/tata-group-drops-plan-to-acquire-stake-in-vivo-india-over-apple-s-objection-124073100380_1.html,Tata Group drops plan to acquire stake in Vivo India over Apple's objection,31 Jul 2024,Business Standard
Apple merger,bing,https://www.business-standard.com/companies/news/apple-india-expansion-new-stores-iphone-sales-ai-launch-125013100535_1.html,"Apple chief Tim Cook reaffirms commitment to India, announcing four new stores and a major push for Apple Intelligence in ...",3d,3d
Apple merger,bing,/news/search?q=site%3awww.autoblog.com&FORM=NWBCLM,"Most recently, the electric car manufacturer hired away Apple's ""Hacker Princess,"" Kristin Paget, but it's possible to look back as far as 2010 to see when Tesla hired the man who worked on the ...",10y,Autoblog10y
Apple merger,bing,https://www.msn.com/en-in/money/other/google-plans-to-merge-chrome-os-into-android-to-take-on-apple-s-ipad/ar-AA1umAiZ?ocid=BingNewsVerp,The consolidation aims to streamline Google's development resources while creating a more unified platform to challenge Apple's dominance ... limitations. The merger could benefit Android's ...,1mon,Hosted on MSN1mon
Apple merger,bing,/news/search?q=site%3awww.crn.com&FORM=NWBCLM,"He touched on the recently announced merger of CSC and HPE's Enterprise Services unit, Apple's problematic first quarter, the rise of the Internet of Things, the explosion of the security market ...",8y,CRN8y
Apple merger,bing,/news/search?q=site%3awww.autoblog.com&FORM=NWBCLM,"Samsung might be a big competitor, but an Apple merger with Tesla could be a real boon for both businesses. In a knot of rumor and speculation over the recent weeks, the possibility of Apple ...",9y,Autoblog9y
Apple merger,bing,/news/search?q=site%3awww.investopedia.com&FORM=NWBCLM,"U.S. stock futures are down as investors eye rising Treasury yields, Tesla and Nvidia shares are moving lower as tech stocks come under pressure, and Apple shares are declining as global iPhone sales ...",21d,21d
Apple merger,yahoo,https://r.search.yahoo.com/_ylt=AwrO6PuGy6Bn_2ck7MzQtDMD;_ylu=Y29sbwNncTEEcG9zAzEEdnRpZAMEc2VjA3Ny/RV=2/RE=1738619910/RO=10/RU=https%3a%2f%2ffinance.yahoo.com%2fnews%2ftrumps-antitrust-cops-just-signaled-that-big-us-mergers-wont-get-a-free-pass-153029456.html%3ffr%3dsycsrp_catchall/RK=2/RS=hiChBQcmEwKMFj6TFw0jWp89vls-,Trump's antitrust cops just signaled that big US mergers won't get a free pass,22 hours ago ·,Yahoo Finance
Apple merger,yahoo,https://r.search.yahoo.com/_ylt=AwrO6PuGy6Bn_2ck7szQtDMD;_ylu=Y29sbwNncTEEcG9zAzIEdnRpZAMEc2VjA3Ny/RV=2/RE=1738619910/RO=10/RU=https%3a%2f%2fwww.cnbc.com%2f2025%2f02%2f03%2fmondays-biggest-wall-street-calls-like-nvidia.html/RK=2/RS=4uqKmILkCzmxNwMzaaAJgPzQwiQ-,"Here are Monday's biggest analyst calls: Nvidia, Apple, Tesla, Roblox,...",37 minutes ago ·,CNBC
Apple merger,yahoo,https://r.search.yahoo.com/_ylt=AwrO6PuGy6Bn_2ck8MzQtDMD;_ylu=Y29sbwNncTEEcG9zAzMEdnRpZAMEc2VjA3Ny/RV=2/RE=1738619910/RO=10/RU=https%3a%2f%2fwww.neowin.net%2fnews%2fopenais-sam-altman-to-meet-with-samsungs-lee-jae-young-in-seoul-to-discuss-ai-and-chips%2f/RK=2/RS=eRg_DZAEhoDJmcHaObduBaD3S5Y-,OpenAI's Sam Altman to meet with Samsung's Lee Jae-Young in Seoul to discuss AI...,38 minutes ago ·,Neowin
Apple merger,yahoo,https://r.search.yahoo.com/_ylt=AwrO6PuGy6Bn_2ck8szQtDMD;_ylu=Y29sbwNncTEEcG9zAzQEdnRpZAMEc2VjA3Ny/RV=2/RE=1738619910/RO=10/RU=https%3a%2f%2ffinance.yahoo.com%2fnews%2fwhere-rigetti-computing-3-years-152300664.html%3ffr%3dsycsrp_catchall/RK=2/RS=D7gFPt9GvetQ4IXLTlSxnmsm7NY-,Where Will Rigetti Computing Be in 3 Years?,23 hours ago ·,Motley Fool·  via Yahoo Finance
Apple merger,yahoo,https://r.search.yahoo.com/_ylt=AwrO6PuGy6Bn_2ck9MzQtDMD;_ylu=Y29sbwNncTEEcG9zAzUEdnRpZAMEc2VjA3Ny/RV=2/RE=1738619910/RO=10/RU=https%3a%2f%2fwww.investing.com%2fnews%2fstock-market-news%2fbofa-sees-a-buying-opportunity-in-apple-ibm-shares-after-deepseek-selloff-3833777/RK=2/RS=Ng3eC1tDRCMgWvg1h.0LEQdCr6c-,"BofA sees a buying opportunity in Apple, IBM shares after DeepSeek selloff By...",6 days ago ·,Investing.com
Apple merger,yahoo,https://r.search.yahoo.com/_ylt=AwrO6PuGy6Bn_2ck9czQtDMD;_ylu=Y29sbwNncTEEcG9zAzYEdnRpZAMEc2VjA3Ny/RV=2/RE=1738619910/RO=10/RU=https%3a%2f%2fwww.etfdailynews.com%2f2025%2f01%2f28%2fbarnes-group-inc-announces-completion-of-acquisition-by-goat-holdco-llc%2f/RK=2/RS=fmJ66VVEQroGxM6_Z49.PryWkI0-,"Barnes Group Inc. Announces Completion of Acquisition by Goat Holdco, LLC",6 days ago ·,ETF DAILY NEWS
Apple merger,yahoo,https://r.search.yahoo.com/_ylt=AwrO6PuGy6Bn_2ck9szQtDMD;_ylu=Y29sbwNncTEEcG9zAzcEdnRpZAMEc2VjA3Ny/RV=2/RE=1738619910/RO=10/RU=https%3a%2f%2fsmb.andalusiastarnews.com%2farticle%2fRipcord-and-VASTEC-Merge-to-Scale-Advanced-AI-Powered-Robotic-Document-Digitization-and-Records-Management-Solutions%3fstoryId%3d6799e6a005b3ce0008ec9179/RK=2/RS=23gGR0plN57V4BnpaBcdin9SDN4-,Ripcord and VASTEC Merge to Scale Advanced AI-Powered Robotic Document...,5 days ago ·,The Andalusia Star-News
Apple merger,yahoo,https://r.search.yahoo.com/_ylt=AwrO6PuGy6Bn_2ck.MzQtDMD;_ylu=Y29sbwNncTEEcG9zAzgEdnRpZAMEc2VjA3Ny/RV=2/RE=1738619910/RO=10/RU=https%3a%2f%2ffinance.yahoo.com%2fnews%2fbarrenjoey-opens-hong-kong-office-235456861.html%3ffr%3dsycsrp_catchall/RK=2/RS=nFBwirouIFrWhdlE7yJSn7pe.Cg-,Barrenjoey Opens Hong Kong Office as Australian Firm Expands,13 hours ago ·,Bloomberg·  via Yahoo Finance
Apple merger,yahoo,https://r.search.yahoo.com/_ylt=AwrO6PuGy6Bn_2ck.szQtDMD;_ylu=Y29sbwNncTEEcG9zAzkEdnRpZAMEc2VjA3Ny/RV=2/RE=1738619910/RO=10/RU=https%3a%2f%2ffinance.yahoo.com%2fnews%2ftrump-commerce-secretary-pick-howard-162215173.html%3ffr%3dsycsrp_catchall/RK=2/RS=qPCqfJQWGi83cZCbU93axKC42YA-,"Trump’s commerce secretary pick Howard Lutnick, defends Tether",5 days ago ·,TheStreet·  via Yahoo Finance
Apple merger,yahoo,https://r.search.yahoo.com/_ylt=AwrO6PuGy6Bn_2ck_MzQtDMD;_ylu=Y29sbwNncTEEcG9zAzEwBHZ0aWQDBHNlYwNzcg--/RV=2/RE=1738619910/RO=10/RU=https%3a%2f%2ffinance.yahoo.com%2fnews%2frtx-rtx-q4-2024-earnings-164513033.html%3ffr%3dsycsrp_catchall/RK=2/RS=lmLpkOxQ1JsoJrjCGriQ5WL4a8s-,RTX (RTX) Q4 2024 Earnings Call Transcript,6 days ago ·,Motley Fool·  via Yahoo Finance
Apple bankruptcy,google,https://yourstory.com/2024/09/steve-jobs-apple-comeback-strategy-tech-giant-success,"From 90 Days to Bankruptcy to a 9,000% Growth: How Steve Jobs Rescued Apple",11 Sept 2024,YourStory.com
Apple bankruptcy,google,https://www.digit.in/news/general/openai-is-heading-towards-bankruptcy-unless-apple-and-nvidia-come-to-its-rescue.html,OpenAI is heading towards bankruptcy unless Apple and Nvidia come to its rescue,17 Sept 2024,Digit
Apple bankruptcy,google,https://m.economictimes.com/magazines/panache/why-tim-cook-joined-a-nearly-bankrupt-apple-and-one-thing-steve-jobs-did-differently/articleshow/114488999.cms,Why Tim Cook joined a nearly bankrupt Apple and one thing Steve Jobs did differently,23 Oct 2024,The Economic Times
Apple bankruptcy,google,https://www.xda-developers.com/27-years-ago-microsoft-bought-150-million-worth-of-apple-stock-after-the-company-almost-went-bankrupt/,"27 years ago, Microsoft bought $150 million worth of Apple stock after the company almost went bankrupt",6 Aug 2024,XDA
Apple bankruptcy,google,https://www.moneycontrol.com/news/business/markets/world-street-buffetts-10-billion-bofa-sale-brent-tops-80-ftx-bankruptcy-plan-cleared-and-more-12837608.html,"World Street | Buffett’s $10 billion BofA sale, Brent tops $80, FTX bankruptcy plan cleared, and more",8 Oct 2024,Moneycontrol
Apple bankruptcy,google,https://www.windowscentral.com/software-apps/openais-bankruptcy-flames-linger-on-as-apple-wiggles-out-of-its-latest-dollar65-billion-funding-round-at-the-eleventh-hour-leaving-the-mantle-to-microsoft-and-nvidia,OpenAI's bankruptcy flames linger on as Apple wiggles out of its latest $6.5 billion funding round at the eleventh hour — leaving the mantle to Microsoft and NVIDIA,1 Oct 2024,Windows Central
Apple bankruptcy,google,https://www.benzinga.com/personal-finance/24/10/41340693/bill-gates-saved-rival-apple-from-bankruptcy-by-investing-150-million-steve-jobs-thanked-him-pub,Bill Gates Saved 'Rival' Apple From Bankruptcy By Investing $150 Million – Steve Jobs Thanked Him Publicly: 'The World's A Better Place',15 Oct 2024,Benzinga
Apple bankruptcy,google,https://www.businesstoday.in/technology/news/story/that-will-bankrupt-even-bill-gates-tesla-ceo-elon-musk-sounds-alarm-bells-as-he-crosses-400-billion-wealth-mark-457244-2024-12-13,‘That will bankrupt even Bill Gates’: Tesla CEO Elon Musk sounds alarm bells as he crosses $400 billion wealth mark,1 month ago,Business Today
Apple bankruptcy,google,https://www.thestreet.com/apple/news/apple-in-the-1990s-why-it-nearly-went-bankrupt,Apple In The 1990s: Why It Nearly Went Bankrupt,10 Feb 2023,TheStreet
Apple bankruptcy,google,https://www.pcmag.com/news/ev-upstart-canoo-declares-bankruptcy,EV Start-Up Canoo Declares Bankruptcy,2 weeks ago,PCMag
Apple bankruptcy,bing,https://www.msn.com/en-in/money/news/apple-s-journey-from-bankruptcy-to-a-trillion-dollar-brand-and-beyond/ar-AA1qKTaz?ocid=BingNewsVerp,Apple 's journey hasn't been all rosy. It has toyed with the idea of bankruptcy and faced sluggish device demands in markets across the globe. What has helped it face these headwinds is its strong ...,4mon,Hosted on MSN4mon
Apple bankruptcy,bing,/news/search?q=site%3awww.moneycontrol.com&FORM=NWBCLM,It lasted 14 hours but the TikTok ban got Apple and Google swiftly into action. The TikTok app in the US was removed from Google Play Store and Apple App Store as soon as it went dark. While TikTok ...,14d,14d
Apple bankruptcy,bing,https://www.msn.com/en-us/money/other/bill-gates-saved-rival-apple-from-bankruptcy-by-investing-150-million-steve-jobs-thanked-him-publicly-the-world-s-a-better-place/ar-AA1sjNvA?ocid=BingNewsVerp,"In August 1997, Apple was on the edge of collapse. Its finances were in shambles and the tech giant that once stood at the forefront of innovation was nearing bankruptcy. Enter Bill Gates ...",3mon,Hosted on MSN3mon
Apple bankruptcy,bing,https://techcrunch.com/2025/01/17/ev-startup-canoo-files-for-bankruptcy-and-ceases-operations/,"Seven-year-old electric vehicle startup Canoo has filed for bankruptcy and will ""cease operations immediately."" The company ...",16d,16d
Apple bankruptcy,yahoo,https://r.search.yahoo.com/_ylt=AwrO6PuIy6BnMXolyGXQtDMD;_ylu=Y29sbwNncTEEcG9zAzEEdnRpZAMEc2VjA3Ny/RV=2/RE=1738619912/RO=10/RU=https%3a%2f%2fwww.yahoo.com%2fnews%2farchdiocese-orleans-second-harvest-talk-021713398.html%3ffr%3dsycsrp_catchall/RK=2/RS=WF..kbCUjl0cAIM8VencLJPff5g-,Archdiocese of New Orleans and Second Harvest talk leadership change,2 days ago ·,WGNO·  via Yahoo News
Apple bankruptcy,yahoo,https://r.search.yahoo.com/_ylt=AwrO6PuIy6BnMXolymXQtDMD;_ylu=Y29sbwNncTEEcG9zAzIEdnRpZAMEc2VjA3Ny/RV=2/RE=1738619912/RO=10/RU=https%3a%2f%2fwww.yahoo.com%2flifestyle%2fbest-exercise-bikes-2025-094200485.html%3ffr%3dsycsrp_catchall/RK=2/RS=19riH4Mavqjdu6VoYyAvG5lKXyc-,Best Exercise Bikes for 2025,4 hours ago ·,CNET·  via Yahoo News
Apple bankruptcy,yahoo,https://r.search.yahoo.com/_ylt=AwrO6PuIy6BnMXolzGXQtDMD;_ylu=Y29sbwNncTEEcG9zAzMEdnRpZAMEc2VjA3Ny/RV=2/RE=1738619912/RO=10/RU=https%3a%2f%2fwww.benzinga.com%2fmarkets%2fequities%2f25%2f01%2f43296517%2fblack-swan-author-nassim-taleb-nvidias-17-drop-on-monday-is-just-the-beginning-says-electric-cars-are-next-noting-pioneers-with-innovative-ideas-never-made-money/RK=2/RS=Q.b7M5VgKBJaKKL6pRUxvZtIoA8-,...Stock's 17% Drop On Monday Is 'Just The Beginning' Of Market Rout - Apple...,5 days ago ·,Benzinga
Apple bankruptcy,yahoo,https://r.search.yahoo.com/_ylt=AwrO6PuIy6BnMXolzmXQtDMD;_ylu=Y29sbwNncTEEcG9zAzQEdnRpZAMEc2VjA3Ny/RV=2/RE=1738619912/RO=10/RU=https%3a%2f%2fwww.phonearena.com%2fnews%2fiphone-16-sales-analysis-storage-upgrades-big-problem-for-apple_id167134/RK=2/RS=vAHWFVg.dxcPR0gS9oMvDFpdmUs-,New iPhone 16 sales analysis reveals an unusual new problem Apple is facing all...,4 days ago ·,PhoneArena
Apple bankruptcy,yahoo,https://r.search.yahoo.com/_ylt=AwrO6PuIy6BnMXol0GXQtDMD;_ylu=Y29sbwNncTEEcG9zAzUEdnRpZAMEc2VjA3Ny/RV=2/RE=1738619912/RO=10/RU=https%3a%2f%2fbuffalonews.com%2fnews%2flocal%2fbuffalo-diocese-bankruptcy-long-island-diocese-abuse-claimants%2farticle_b6b37d76-df4e-11ef-ba75-676ce956a5b9.html/RK=2/RS=YUkIffJ56ttg1smx2ittZo4F1Sg-,Long Island diocese's exit from bankruptcy may signal future path for Buffalo...,2 days ago ·,The Buffalo News
Apple bankruptcy,yahoo,https://r.search.yahoo.com/_ylt=AwrO6PuIy6BnMXol0WXQtDMD;_ylu=Y29sbwNncTEEcG9zAzYEdnRpZAMEc2VjA3Ny/RV=2/RE=1738619912/RO=10/RU=https%3a%2f%2fwww.axios.com%2f2025%2f02%2f03%2fbill-gates-interview-steve-jobs-rivalry/RK=2/RS=gdrNbn7SZ64yhUPAtLPHAiv8IgU-,Bill Gates recounts rivalry with Steve Jobs,4 hours ago ·,Axios
Apple bankruptcy,yahoo,https://r.search.yahoo.com/_ylt=AwrO6PuIy6BnMXol02XQtDMD;_ylu=Y29sbwNncTEEcG9zAzcEdnRpZAMEc2VjA3Ny/RV=2/RE=1738619912/RO=10/RU=https%3a%2f%2fdecider.com%2f2025%2f01%2f27%2fthe-white-lotus-season-3-trailer-easter-eggs-cast-guide%2f/RK=2/RS=ypfqsi7I_5ITlS50tA27cgXv.mM-,"New 'The White Lotus' trailer reveals tantalizing clues for Season 3: Murder,...",7 days ago ·,Decider
Apple bankruptcy,yahoo,https://r.search.yahoo.com/_ylt=AwrO6PuIy6BnMXol1WXQtDMD;_ylu=Y29sbwNncTEEcG9zAzgEdnRpZAMEc2VjA3Ny/RV=2/RE=1738619912/RO=10/RU=https%3a%2f%2fwww.si.com%2fmlb%2frangers%2fnews%2ftexas-rangers-announce-regional-tv-options-for-cable-satellite-over-the-air/RK=2/RS=MBaYJ4oW.0OFnRpZtNZLO2lTfr4-,"Texas Rangers Announce Regional TV Options for Cable, Satellite, Over-the-Air",6 days ago ·,Sports Illustrated
Apple bankruptcy,yahoo,https://r.search.yahoo.com/_ylt=AwrO6PuIy6BnMXol1mXQtDMD;_ylu=Y29sbwNncTEEcG9zAzkEdnRpZAMEc2VjA3Ny/RV=2/RE=1738619912/RO=10/RU=https%3a%2f%2fwww.tmj4.com%2fabout-us%2flighthouse%2fresidents-outraged-to-learn-hacm-is-at-risk-of-bankruptcy-after-misuse-of-section-8-funding/RK=2/RS=RcSKCJNf06JheCXQhsdastUufqg-,Residents outraged to learn HACM is at risk of bankruptcy after misuse of...,3 days ago ·,TMJ4 Milwaukee
Apple bankruptcy,yahoo,https://r.search.yahoo.com/_ylt=AwrO6PuIy6BnMXol12XQtDMD;_ylu=Y29sbwNncTEEcG9zAzEwBHZ0aWQDBHNlYwNzcg--/RV=2/RE=1738619912/RO=10/RU=https%3a%2f%2fwgno.com%2fnews%2flouisiana%2forleans-parish%2finterim-ceo-appointed-to-second-harvest-food-bank%2f/RK=2/RS=QRcSIvRzqEufP2Va4F74BRI.VkQ-,Interim CEO appointed to Second Harvest Food Bank,4 days ago ·,ABC 26 New Orleans
